first_name,last_name,email,age,city,phone
James,Green,james.green@mockmail.com,50,Phoenix,647997549
Mason,White,mason.white@mockmail.com,16,Detroit,647872471
Noah,Anderson,noah.anderson@mockmail.com,47,Miami,647388322
David,Martin,david.martin@mockmail.com,16,Los Angeles,647112197
Noah,Hall,noah.hall@mockmail.com,18,Austin,647942729
Charlotte,Doe,charlotte.doe@mockmail.com,43,Houston,647354085
Sophia,Taylor,sophia.taylor@mockmail.com,47,Austin,647467708
Emma,Anderson,emma.anderson@mockmail.com,29,Philadelphia,647724739
James,Wright,james.wright@mockmail.com,52,Houston,647058703
Jessica,Anderson,jessica.anderson@mockmail.com,29,Las Vegas,647843736
Michael,Clark,michael.clark@mockmail.com,47,Seattle,647451103
Sarah,Johnson,sarah.johnson@mockmail.com,56,Philadelphia,647448691
Amelia,Clark,amelia.clark@mockmail.com,60,Los Angeles,647435503
Lucas,Doe,lucas.doe@mockmail.com,28,Chicago,647180107
Ava,Smith,ava.smith@mockmail.com,50,Detroit,647695133
David,Brown,david.brown@mockmail.com,52,Seattle,647257422
Olivia,White,olivia.white@mockmail.com,61,San Francisco,647278134
Mason,Doe,mason.doe@mockmail.com,38,Miami,647163502
Mason,King,mason.king@mockmail.com,21,Atlanta,647414864
Benjamin,Martin,benjamin.martin@mockmail.com,42,Boston,647336117
Mason,Hall,mason.hall@mockmail.com,35,San Diego,647151704
Noah,Thomas,noah.thomas@mockmail.com,52,Detroit,647558015
Sarah,Brown,sarah.brown@mockmail.com,19,Austin,647973765
Sophia,Wright,sophia.wright@mockmail.com,32,San Diego,647126702
Emma,Thomas,emma.thomas@mockmail.com,39,Denver,647001750
Ava,Hall,ava.hall@mockmail.com,49,Phoenix,647625066
David,Moore,david.moore@mockmail.com,59,Los Angeles,647190620
Lucas,Johnson,lucas.johnson@mockmail.com,44,Las Vegas,647904800
Emily,Hall,emily.hall@mockmail.com,45,Portland,647018140
Charlotte,Wilson,charlotte.wilson@mockmail.com,49,Dallas,647869924
Emma,Thomas,emma.thomas@mockmail.com,24,Seattle,647349536
Amelia,Thomas,amelia.thomas@mockmail.com,21,Miami,647456933
James,Brown,james.brown@mockmail.com,28,Austin,647129510
Ava,Taylor,ava.taylor@mockmail.com,61,Los Angeles,647531885
Noah,Hill,noah.hill@mockmail.com,57,Boston,647125074
Benjamin,Hill,benjamin.hill@mockmail.com,26,Dallas,647502807
Emily,Clark,emily.clark@mockmail.com,43,Detroit,647185003
Jessica,Johnson,jessica.johnson@mockmail.com,54,New York,647315197
Mason,Hill,mason.hill@mockmail.com,55,Las Vegas,647134375
Benjamin,Clark,benjamin.clark@mockmail.com,21,Denver,647259360
Michael,Clark,michael.clark@mockmail.com,39,Houston,647328137
Sarah,Hill,sarah.hill@mockmail.com,53,Houston,647325727
Emma,Clark,emma.clark@mockmail.com,28,Los Angeles,647323420
Amelia,Hall,amelia.hall@mockmail.com,51,Los Angeles,647537583
Emma,King,emma.king@mockmail.com,32,Miami,647274069
Daniel,Clark,daniel.clark@mockmail.com,61,Denver,647887184
James,Davis,james.davis@mockmail.com,53,New York,647995569
David,Doe,david.doe@mockmail.com,59,Denver,647735777
David,Doe,david.doe@mockmail.com,46,New York,647257284
Ava,Doe,ava.doe@mockmail.com,33,San Diego,647785367
Michael,Scott,michael.scott@mockmail.com,16,Miami,647919712
Benjamin,Scott,benjamin.scott@mockmail.com,50,Philadelphia,647897222
Benjamin,Thomas,benjamin.thomas@mockmail.com,26,Phoenix,647464774
Amelia,King,amelia.king@mockmail.com,52,Portland,647315335
Jessica,Wright,jessica.wright@mockmail.com,41,Boston,647307414
Jessica,Thomas,jessica.thomas@mockmail.com,16,Detroit,647804568
Liam,White,liam.white@mockmail.com,17,Portland,647538278
Ava,Smith,ava.smith@mockmail.com,40,Austin,647333318
James,Doe,james.doe@mockmail.com,58,New York,647238111
Charlotte,Allen,charlotte.allen@mockmail.com,23,Portland,647565039
Sarah,Green,sarah.green@mockmail.com,61,San Diego,647216204
Daniel,Anderson,daniel.anderson@mockmail.com,16,New York,647727243
Benjamin,Allen,benjamin.allen@mockmail.com,43,Boston,647197512
Lucas,Hall,lucas.hall@mockmail.com,33,Detroit,647657414
Michael,Green,michael.green@mockmail.com,33,Orlando,647496055
Liam,Smith,liam.smith@mockmail.com,43,Las Vegas,647647807
Amelia,White,amelia.white@mockmail.com,46,Dallas,647347494
Emily,Wilson,emily.wilson@mockmail.com,37,Portland,647599924
Jessica,Green,jessica.green@mockmail.com,16,Denver,647987415
Lucas,Doe,lucas.doe@mockmail.com,17,Las Vegas,647399486
Lucas,Green,lucas.green@mockmail.com,29,Miami,647218450
Sophia,Green,sophia.green@mockmail.com,55,Portland,647936440
Charlotte,Taylor,charlotte.taylor@mockmail.com,34,San Diego,647490565
Emily,Anderson,emily.anderson@mockmail.com,33,Los Angeles,647075769
Sophia,Brown,sophia.brown@mockmail.com,56,San Diego,647638925
Emily,Martin,emily.martin@mockmail.com,29,Austin,647109096
David,Scott,david.scott@mockmail.com,44,Chicago,647190818
Jessica,Thomas,jessica.thomas@mockmail.com,22,Seattle,647786664
Charlotte,White,charlotte.white@mockmail.com,23,Atlanta,647915534
Daniel,Taylor,daniel.taylor@mockmail.com,25,Detroit,647048649
John,Wilson,john.wilson@mockmail.com,19,Austin,647346729
Sarah,Moore,sarah.moore@mockmail.com,60,Chicago,647783600
Ava,Martin,ava.martin@mockmail.com,23,Dallas,647489445
Michael,Green,michael.green@mockmail.com,47,Orlando,647161600
Mason,Wright,mason.wright@mockmail.com,43,Detroit,647428351
Sarah,White,sarah.white@mockmail.com,44,San Diego,647331190
Emma,Wilson,emma.wilson@mockmail.com,34,Boston,647817365
Charlotte,Davis,charlotte.davis@mockmail.com,17,Portland,647386594
John,Scott,john.scott@mockmail.com,50,Detroit,647541621
David,Anderson,david.anderson@mockmail.com,32,Seattle,647683510
Emily,Anderson,emily.anderson@mockmail.com,32,Las Vegas,647726828
Michael,Taylor,michael.taylor@mockmail.com,24,Dallas,647186525
Ava,Davis,ava.davis@mockmail.com,18,Detroit,647467294
Amelia,Moore,amelia.moore@mockmail.com,61,Philadelphia,647411305
Emily,Scott,emily.scott@mockmail.com,48,Houston,647492584
David,Martin,david.martin@mockmail.com,26,Dallas,647203495
Noah,King,noah.king@mockmail.com,16,New York,647235579
Jessica,Brown,jessica.brown@mockmail.com,32,Seattle,647495473
Mason,Taylor,mason.taylor@mockmail.com,53,San Diego,647142768
Amelia,Wilson,amelia.wilson@mockmail.com,36,Philadelphia,647108035
